{"cameraMode":{"drawMode":0,"name":"Shaded","section":"Shading Mode"},"sceneLighting":false,"audioPlay":false,"sceneViewState":{"m_AlwaysRefresh":false,"showFog":true,"showSkybox":false,"showFlares":true,"showImageEffects":true,"showParticleSystems":true,"showVisualEffectGraphs":true,"m_FxEnabled":true},"in2DMode":false,"pivot":{"x":-0.41387319564819338,"y":0.5549612045288086,"z":-0.004424571990966797},"rotation":{"x":-0.1586247980594635,"y":0.2656905949115753,"z":-0.043909136205911639,"w":-0.9501174092292786},"size":3.4191501140594484,"orthographic":false}