{"cameraMode":{"drawMode":0,"name":"Shaded","section":"Shading Mode"},"sceneLighting":true,"audioPlay":false,"sceneViewState":{"m_AlwaysRefresh":false,"showFog":true,"showSkybox":true,"showFlares":true,"showImageEffects":true,"showParticleSystems":true,"showVisualEffectGraphs":true,"m_FxEnabled":true},"in2DMode":false,"pivot":{"x":-2.3926868438720705,"y":2.6674561500549318,"z":0.3650078773498535},"rotation":{"x":-0.22145529091358186,"y":0.06488874554634094,"z":-0.014770505018532277,"w":-0.9729039072990418},"size":5.4959635734558109,"orthographic":false}