{"cameraMode":{"drawMode":0,"name":"Shaded","section":"Shading Mode"},"sceneLighting":false,"audioPlay":false,"sceneViewState":{"m_AlwaysRefresh":false,"showFog":false,"showSkybox":false,"showFlares":false,"showImageEffects":false,"showParticleSystems":false,"showVisualEffectGraphs":true,"m_FxEnabled":true},"in2DMode":false,"pivot":{"x":-0.06695938110351563,"y":0.8987170457839966,"z":0.06621909141540528},"rotation":{"x":0.039106469601392749,"y":-0.9582337737083435,"z":0.15834063291549684,"w":0.2354041337966919},"size":1.0256702899932862,"orthographic":false}