{"cameraMode":{"drawMode":0,"name":"Shaded","section":"Shading Mode"},"sceneLighting":false,"audioPlay":false,"sceneViewState":{"m_AlwaysRefresh":false,"showFog":false,"showSkybox":false,"showFlares":false,"showImageEffects":false,"showParticleSystems":false,"showVisualEffectGraphs":true,"m_FxEnabled":true},"in2DMode":false,"pivot":{"x":1.3210585117340088,"y":1.2848972082138062,"z":0.06571370363235474},"rotation":{"x":0.16886451840400697,"y":0.04018611088395119,"z":-0.007082193624228239,"w":0.9848979711532593},"size":1.5764710903167725,"orthographic":false}